subject_id,n_samples,valence_n,valence_pct_missing,valence_mean,valence_median,valence_std,valence_min,valence_max,valence_q25,valence_q75,valence_iqr,valence_skew,valence_kurtosis,valence_n_outliers_iqr,arousal_n,arousal_pct_missing,arousal_mean,arousal_median,arousal_std,arousal_min,arousal_max,arousal_q25,arousal_q75,arousal_iqr,arousal_skew,arousal_kurtosis,arousal_n_outliers_iqr,vector_length_n,vector_length_pct_missing,vector_length_mean,vector_length_median,vector_length_std,vector_length_min,vector_length_max,vector_length_q25,vector_length_q75,vector_length_iqr,vector_length_skew,vector_length_kurtosis,vector_length_n_outliers_iqr,angle_n,angle_pct_missing,angle_circ_mean_deg,angle_circ_std_deg,angle_resultant_length_R,angle_min,angle_max
sub-001,1393,1393,0.0,0.24112159858586504,0.35170397,0.6139985696614931,-1.0,1.0,-0.2855951157142857,0.7786964,1.0642915157142856,-0.3891217107389771,-1.0335475187756302,0,1393,0.0,-0.13552592909332378,-0.29678735,0.6749877194282365,-1.0,1.0,-0.6662229,0.31636328,0.98258618,0.5105660814665405,-1.0175866892920624,0,1393,0.0,0.6482574826995336,0.7084894802959865,0.18450638457711432,0.04981144429142541,1.0,0.5278810744194193,0.7687427484608391,0.24086167404141978,-0.7593795951171118,-0.12788595833597327,4,1393,0.0,331.1831314686899,84.95500259138593,0.33311561974054715,0.6111694327068449,359.61957829888826
sub-002,1393,1393,0.0,0.25796269712726494,0.36049113,0.7200918332286735,-1.0,1.0,-0.2431213537166667,1.0,1.2431213537166668,-0.5376365191069363,-1.113122262620386,0,1393,0.0,-0.3045411099929648,-0.6827357,0.799982356582222,-1.0,1.0,-1.0,0.45424956,1.45424956,0.7085572983081803,-1.169794618784307,0,1393,0.0,0.7991438285320206,0.797241611372064,0.1409418354792367,0.012174174013088537,1.0,0.716987213048187,0.8905251051902359,0.17353789214204884,-1.143312557750436,3.177987380251656,46,1393,0.0,310.9437260923621,89.8783069457614,0.2921854657888908,0.7563425731298139,355.9786962710516
sub-003,1393,1393,0.0,0.05099065233695621,-0.04911961,0.7600347456061467,-1.0,1.0,-0.6869342,1.0,1.6869342,0.04680710877079508,-1.540620199938952,0,1393,0.0,-0.10729602423255565,-0.3446789,0.8565498941792735,-1.0,1.0,-1.0,1.0,2.0,0.23396273303543577,-1.691934620966954,0,1393,0.0,0.8044714070222715,0.7806857413771973,0.1228308185712796,0.07504034067782907,1.0,0.7212797812628641,0.8770840879661681,0.15580430670330403,-0.9631829958102547,4.687682834618173,27,1393,0.0,295.6295754000078,136.63445023604476,0.05822460825606568,0.8374449156132187,359.93101868218184
sub-004,1393,1393,0.0,-0.35308911848406316,-0.46316284,0.610606366229739,-1.0,1.0,-0.89724857,0.12562801,1.0228765800000001,0.6331414839330154,-0.8308287842492197,0,1393,0.0,-0.6801861667266331,-0.9890055,0.44226027977531507,-1.0,0.9023524,-1.0,-0.43880442,0.56119558,1.2367794918046173,0.40056063120679264,28,1393,0.0,0.7164652656208449,0.7304678321430725,0.25377044701230983,0.04573462744875631,1.0,0.6169320438546585,0.9429632123420536,0.3260311684873951,-0.880494127266948,-0.13927698087628748,46,1393,0.0,245.9468881880984,53.551421704439996,0.6461109577109706,1.3451105554525498,359.18145992283735
sub-005,1393,1393,0.0,0.3799623654895909,0.6666884,0.6858722522137921,-1.0,1.0,-0.25046337,1.0,1.25046337,-0.7198749745717216,-0.9156199611729701,0,1393,0.0,-0.3514101819686576,-0.719187215,0.7774986838941409,-1.0,1.0,-1.0,0.29135397,1.29135397,0.761617273883525,-1.050863449328981,0,1393,0.0,0.812226892015138,0.7915455747056078,0.10631317528300327,0.15829281779421864,1.0,0.7274641314793304,0.8687188252712386,0.14125469379190814,-0.24908945366778215,2.950470705664487,11,1393,0.0,317.68872978191325,75.75930352258518,0.4172074968886368,0.018034402112277803,359.9549705663104
sub-006,1393,1393,0.0,-0.021460075969633903,-0.07951568,0.677764691084153,-1.0,1.0,-0.61080945,0.5797629,1.19057235,0.10339430743360777,-1.3344415595707924,0,1393,0.0,-0.5395176264154631,-0.8833259,0.5730332318091851,-1.0,1.0,-1.0,-0.11595816,0.88404184,1.0078823995868462,-0.17624972230341918,0,1393,0.0,0.7135234479897873,0.7296787223095228,0.17395171035857984,0.019214332087103974,1.0,0.6762954856425493,0.8065819335897265,0.13028644794717725,-1.1304462519370342,1.662091967658271,152,1393,0.0,268.3476298620415,68.77916560609712,0.4865052600733959,0.5618308993620644,359.99364213916897
sub-007,1393,1393,0.0,-0.0789782177000718,-0.12698154,0.5793936851708705,-1.0,1.0,-0.5544239,0.46209034,1.01651424,0.11567881118726114,-1.173851927829018,0,1393,0.0,-0.13499360514081832,-0.31109527,0.7628337428301452,-1.0,1.0,-0.8625411,0.6722434,1.5347845,0.3910063575910482,-1.3741850871132413,0,1393,0.0,0.6478507194346736,0.7146391012135923,0.22590553844797093,0.03442118608635446,1.0,0.5431657842540475,0.8171389548497768,0.27397317059572934,-0.9889168484937861,0.1380027302341995,66,1393,0.0,246.0577028694037,101.48975751287523,0.20829379114819546,0.06094601658588772,358.68641462362365
sub-009,1393,1393,0.0,-0.30060662228180185,-0.3091214,0.49486819809624016,-1.0,1.0,-0.6979169,-0.067484416,0.630432484,0.624638056580049,0.12760435422153416,57,1393,0.0,-0.8571277157411342,-1.0,0.2995399639634412,-1.0,0.506533,-1.0,-0.8798737,0.12012630000000002,2.3659276666431905,4.835344853407949,246,1393,0.0,0.7410908395593707,0.738394806507204,0.17467586218838962,0.04226354030347633,1.0,0.7099722867757308,0.8403080920423854,0.13033580526665467,-1.5420491623554011,3.3083404795018616,134,1393,0.0,249.9719572377995,33.529354384600275,0.8426293198826192,0.12188431295521696,358.89493563307235
sub-011,1393,1393,0.0,0.049261557223839916,0.003905448,0.6437467517428318,-1.0,1.0,-0.48688096,0.6489678,1.13584876,-0.03979486054601169,-1.1719443477028184,0,1393,0.0,0.22493973688643212,0.33930627,0.7248985208701648,-1.0,1.0,-0.33793637,1.0,1.33793637,-0.4869490463018269,-1.1471277399331383,0,1393,0.0,0.6644513680301142,0.7253457628931226,0.23379996880112341,0.007912882117869287,1.0,0.5748774831403057,0.8233112694598664,0.2484337863195607,-1.0364820616516626,0.1754144726584701,97,1393,0.0,75.62258862394958,97.83458617112302,0.2327386800335799,0.1316218104013842,359.02422002775427
sub-012,1393,1393,0.0,-0.15458929508610197,-0.01078175,0.5987298977424959,-1.0,1.0,-0.97365475,0.3495832,1.32323795,-0.26079372050416855,-1.2819548843238129,0,1393,0.0,-0.24234075576147884,-0.22551267,0.4729752130136121,-1.0,1.0,-0.64236504,0.11233077,0.7546958100000001,0.22711759879137028,-0.6128829923299377,0,1393,0.0,0.5292474208275959,0.5736804031532472,0.22832124466425008,0.015658647599575228,1.0,0.33166427375815233,0.7126491694410405,0.3809848956828882,-0.2861856216830441,-0.9912861717746302,0,1393,0.0,250.2701657744119,83.71344502023337,0.34391166787736793,0.560690490258537,359.4283412781152
sub-014,1393,1393,0.0,-0.7009667828613066,-0.8879401,0.4244771930643377,-1.0,0.96046436,-1.0,-0.5194956,0.48050440000000005,1.8038390520465384,2.7945987298656947,102,1393,0.0,-0.13589019100179467,-0.1234776,0.6400040781499239,-1.0,1.0,-0.6544496,0.36439013,1.0188397299999998,0.2378677439666579,-1.1645385194932092,0,1393,0.0,0.7232812859849993,0.7396732510629271,0.1627108836909969,0.09323389743513703,1.0,0.6576758782930698,0.8093048457334295,0.1516289674403597,-1.1587534193842566,1.6943169861031677,92,1393,0.0,191.04272212523367,51.48326565642965,0.6678455842431318,7.824048712159993,359.64771113250237
sub-015,1393,1393,0.0,0.18774671890611627,0.70001507,0.8561297837850503,-1.0,1.0,-1.0,1.0,2.0,-0.4204048675125679,-1.6061630573498258,0,1393,0.0,-0.6943825454841314,-1.0,0.4270678098539777,-1.0,0.6551315,-1.0,-0.39879513,0.60120487,1.1856909817620367,0.2503441409571776,28,1393,0.0,0.8338739371454867,0.8523219397645476,0.14394830949728166,0.0496857961457428,1.0,0.7140601728221835,0.9733501147292974,0.25928994190711396,-0.9772056713249663,2.3779852508383277,7,1393,0.0,281.64098437554384,60.13941003562906,0.5764525098817401,0.04041016800977104,359.4088265424675
sub-016,1393,1393,0.0,0.11217533602702803,0.051363185,0.6899302582713777,-1.0,1.0,-0.37820747,0.82499206,1.20319953,-0.15554684977335384,-1.2185115824607697,0,1393,0.0,0.08681516837824843,0.20629685,0.673872540040552,-1.0,1.0,-0.5185567,0.6694129,1.1879696,-0.24941523043940836,-1.2315283319926469,0,1393,0.0,0.6632194922011275,0.7112301653196033,0.18693638297350532,0.08982671429094025,1.0,0.5456558072012154,0.7705658611302886,0.22491005392907315,-0.8242504774624734,0.17151604387246078,20,1393,0.0,38.79082982723782,111.85182096164068,0.14874700718557743,0.19807314398696008,359.95448259507674
sub-017,1393,1393,0.0,0.057535376510804016,0.070684806,0.58730600343715,-1.0,1.0,-0.375916275,0.46146858,0.837384855,-0.11490351406587691,-0.8755666319579825,0,1393,0.0,0.12965906798133525,0.2702653366666667,0.7601060417778155,-1.0,1.0,-0.6038759,0.90201086,1.50588676,-0.2764815982627886,-1.4679116954463138,0,1393,0.0,0.6644687851542204,0.7160460505827877,0.17197948461878418,0.01687890700988198,1.0,0.633738199706128,0.7635078630586417,0.12976966335251372,-1.4914211465410478,1.7484763828066248,187,1393,0.0,55.20470252342813,118.5857723383675,0.11743688481745218,0.8702005122448782,359.56420459955365
sub-018,1393,1393,0.0,0.31507973963869346,0.51793545,0.6973998149910169,-1.0,1.0,-0.1840594,1.0,1.1840594,-0.6765168531719837,-0.8955148335193606,0,1393,0.0,0.24725760032735825,0.5376143,0.7934588703278427,-1.0,1.0,-0.57227814,1.0,1.5722781399999999,-0.5568164969741392,-1.287108686198877,0,1393,0.0,0.7799965479213533,0.7804642774741718,0.17147437499779833,0.05931305440221781,1.0,0.7138288178258693,0.8820155603145223,0.16818674248865306,-1.5778855970259136,4.067601667954236,74,1393,0.0,34.75853183317507,84.56314060589989,0.33650303080602817,0.0124224054776505,359.8598019764103
sub-019,1393,1393,0.0,-0.25881382307961953,-0.33299536,0.7012071949919748,-1.0,1.0,-0.935966,0.15896752,1.0949335199999999,0.6610152403189133,-0.848558490379304,0,1393,0.0,-0.12045158076450108,-0.1735003,0.6726375282769115,-1.0,1.0,-0.77783585,0.4766632,1.25449905,0.17162170730937304,-1.3145099132439708,0,1393,0.0,0.6864504002411222,0.7237959936497965,0.2031983774796455,0.06517351228317886,1.0,0.5893163043911168,0.8167736272430456,0.22745732285192877,-0.8394138561969201,0.32269504026469287,56,1393,0.0,207.81430727732698,91.52117580491678,0.27921955051924885,0.06439940345887862,359.793560071088
sub-020,1393,1393,0.0,0.03261166890732231,0.11769,0.8098199225118016,-1.0,1.0,-0.963799,0.9023181,1.8661170999999999,-0.11064554971816502,-1.637540948210981,0,1393,0.0,-0.2931689045517229,-0.4312546,0.6314821900433528,-1.0,1.0,-0.8581585,0.13372283,0.99188133,0.6896006839752324,-0.605719155025811,0,1393,0.0,0.7310656654013887,0.7380204144125148,0.18969737321445773,0.015286681971098892,1.0,0.7037808551216103,0.8544811230112517,0.15070026788964141,-1.1074569534080156,1.5149732824410167,151,1393,0.0,283.6210866949289,88.96735835957053,0.2995264631840737,0.29479709484053274,359.96414862882625
sub-021,1393,1393,0.0,-0.2204896848998923,-0.25809064,0.7107177503719155,-1.0,1.0,-1.0,0.3342399,1.3342399,0.38797921738450913,-1.2170710682857002,0,1393,0.0,0.07947952538083274,0.1664481572000001,0.7678445461789356,-1.0,1.0,-0.72011346,0.83155173,1.55166519,-0.16040796848590658,-1.5735945595372076,0,1393,0.0,0.7305726782851635,0.7567561636241255,0.20178873584031068,0.028286460762883367,1.0,0.7030256855827275,0.8770015959393261,0.17397591035659865,-1.2185599342542819,1.071458899069265,169,1393,0.0,168.95384734221642,103.95907754923279,0.1928052186726188,1.1638548412457794,359.2493573137399
sub-022,1393,1393,0.0,-0.04961764601825127,0.0592762283870967,0.7184878168371616,-1.0,1.0,-0.9116087,0.59917027,1.51077897,-0.03498233515244334,-1.3443082849581813,0,1393,0.0,-0.5318370965425628,-0.84253985,0.5616343039787675,-1.0,1.0,-1.0,-0.091746196,0.908253804,0.8864147469642583,-0.4678942784163387,0,1393,0.0,0.7344509506947128,0.7183490916729138,0.13704740832597656,0.015860259994594367,1.0,0.7075052416971366,0.7975826079900995,0.09007736629296292,-1.170578977586532,4.678425204589511,217,1393,0.0,266.7957966680527,66.73584510193047,0.5074621296718513,1.1887107574467564,359.4974817161306
sub-023,1393,1393,0.0,-0.030397180674099064,-0.074036136,0.4279631658560064,-1.0,1.0,-0.30380654,0.2403211,0.54412764,0.24147632492995036,-0.1603866626974817,0,1393,0.0,-0.12664163753184493,-0.21564935,0.7078772250029538,-1.0,1.0,-0.84891546,0.45903203,1.3079474899999999,0.2627260004159445,-1.302774810896877,0,1393,0.0,0.5539711252071248,0.6340115075926357,0.20857609515946707,0.03789573118037852,0.9986666912335065,0.3702785139923793,0.7158530264664977,0.3455745124741184,-0.5880712693071697,-0.8463567560109269,0,1393,0.0,247.76713698750592,106.58802803349784,0.17721697867830744,0.845608652101248,357.0766903999306
sub-024,1393,1393,0.0,-0.19348049597257716,-0.36017442,0.7671667130463841,-1.0,1.0,-1.0,0.4696804,1.4696804,0.3986848142292984,-1.3907401595701934,0,1393,0.0,0.28340004635525484,0.56593174,0.7175388354834357,-1.0,1.0,-0.4139015,1.0,1.4139015,-0.5403700684675501,-1.2910166953958508,0,1393,0.0,0.7558452657978514,0.7758752903939542,0.1972519421885512,0.008683774646088244,1.0,0.6217652240502577,0.9155490227971438,0.2937837987468861,-0.8899925956212511,0.6459366601171972,8,1393,0.0,128.01071532036505,91.1329684564247,0.2822514242869414,0.7418575824676168,359.84832294612323
sub-025,1393,1393,0.0,0.15323485121005023,0.42262706,0.7878059852385326,-1.0,1.0,-0.94802266,0.925011,1.87303366,-0.46205535898978245,-1.3903980899181874,0,1393,0.0,-0.3338095925251256,-0.36968505,0.5111847970732707,-1.0,1.0,-0.8052656,0.0216789266666666,0.8269445266666666,0.4983793179043738,-0.5815768103018004,0,1393,0.0,0.6809676908888165,0.7161266368607191,0.2107778411463936,0.004328064572174775,1.0,0.6146864602196376,0.8272173866497728,0.21253092643013527,-0.9918880466536862,0.42827600248114406,111,1393,0.0,296.44636818853354,76.70262648944768,0.40816786592469634,0.2743920016987431,359.8757885882391
sub-026,1393,1393,0.0,-0.4253999060293612,-1.0,0.7927607326244842,-1.0,1.0,-1.0,0.2989332,1.2989332,0.9142933899641418,-0.9245839025687936,0,1393,0.0,-0.15734532522468053,-0.111623322,0.5433625122244018,-1.0,1.0,-0.5741608,0.17392078,0.74808158,0.1016682023623921,-0.7377469756987356,0,1393,0.0,0.7388199235600745,0.725758302180658,0.1361777999491299,0.03924526580940175,1.0,0.7082226170254939,0.8051359063059602,0.09691328928046627,-1.3763141898632911,4.668042970077639,194,1393,0.0,199.87343332338284,75.59434900121397,0.41879699479901333,0.3529609707881036,359.92114575920306
sub-027,1393,1393,0.0,-0.010447162181478824,0.16115952,0.7190649888253531,-1.0,1.0,-0.830661,0.60577327,1.43643427,-0.1591829057435027,-1.4364231111948975,0,1393,0.0,-0.3400653609983489,-1.0,0.8615710866815729,-1.0,1.0,-1.0,0.7452639,1.7452638999999999,0.7034750954435824,-1.3637775630734312,0,1393,0.0,0.8232183295434123,0.80650778850402,0.09707064019838776,0.3792318463067585,1.0,0.7320688863966838,0.9035352650043563,0.17146637860767255,0.3382841847329434,-0.8176335279146136,1,1393,0.0,267.97803086600237,88.88674190232142,0.3001812830106696,0.44566972756422274,357.9766314978526
sub-028,1393,1393,0.0,0.3457731087552046,0.7087571,0.772088804858766,-1.0,1.0,-0.30561417,1.0,1.3056141700000001,-0.7768786015916802,-1.0195177813548284,0,1393,0.0,-0.5250734403063173,-0.5724425,0.4549253452767965,-1.0,1.0,-0.99052566,-0.24682878,0.74369688,0.9215148265992084,0.5068173413464718,13,1393,0.0,0.7496015115723272,0.7609667511227544,0.19236829445726186,0.044324040450645856,1.0,0.7075143499869259,0.8775027937324216,0.1699884437454957,-1.0547307806182917,1.070309182520913,127,1393,0.0,301.13434249892447,63.059671706102925,0.5457147009758905,0.07675229552557994,359.8642029313761
sub-029,1393,1393,0.0,-0.23371514548295041,-0.2478222,0.681157228176383,-1.0,1.0,-1.0,0.29501304,1.29501304,0.3578710167896156,-1.2176880663623197,0,1393,0.0,-0.054145771054601576,0.0094756339999999,0.7027535915203992,-1.0,1.0,-0.76406693,0.5362728,1.3003397300000001,0.049217875570251125,-1.357700537021634,0,1393,0.0,0.6847847359107452,0.7125750236887326,0.19608625783667163,0.022361185608018398,1.0,0.6074973698752829,0.8162389734672346,0.2087416035919517,-0.922566934852038,0.49973262347351444,85,1393,0.0,201.7060938312617,101.95690966746601,0.2053003517093337,0.2366279723167395,358.99060691102045
sub-030,1393,1393,0.0,-0.320895883551005,-0.20400266,0.49409512049724486,-1.0,0.72230023,-0.94433224,0.07032128,1.01465352,-0.14772204856934398,-1.2652326650570234,0,1393,0.0,-0.34333148904953337,-0.41640243,0.60001504237666,-1.0,1.0,-1.0,0.0420442900666666,1.0420442900666667,0.5376906206531747,-0.8026825857950688,0,1393,0.0,0.6197950625574916,0.7073845023067203,0.16779988497304427,0.06659900547844426,0.960531893182366,0.5182105670808972,0.7153704047480648,0.1971598376671676,-0.924831574598228,0.11548529557709042,26,1393,0.0,229.555900181355,67.22051113675761,0.5024688165998177,17.072539886925597,334.074927039997
sub-031,1393,1393,0.0,0.403454980557421,0.6679456,0.5988601487971568,-1.0,1.0,-0.07538396,0.93184817,1.00723213,-0.7925139126217954,-0.5733695837259769,0,1393,0.0,-0.39595143786870063,-0.9243726,0.8077759124977898,-1.0,1.0,-1.0,0.52412176,1.5241217599999999,0.9091453829623294,-0.9576422399882083,0,1393,0.0,0.8032429198453418,0.8011754082484092,0.1407001110404088,0.048216543380604146,1.0,0.7228976535220127,0.9026773739672691,0.17977972044525636,-1.0956019938217696,2.561735434682313,29,1393,0.0,319.14760491421873,75.02587746873105,0.42429436832450285,3.7481026144805583,359.8885862397101
sub-032,1393,1393,0.0,-0.20105406213230437,-0.3164151245283019,0.8184781627993694,-1.0,1.0,-1.0,0.7194346,1.7194346,0.41352222739535405,-1.4721074825610567,0,1393,0.0,-0.2157684812322685,-0.43739435,0.792007129718139,-1.0,1.0,-1.0,0.62294114,1.62294114,0.40687640375867923,-1.4758716268404544,0,1393,0.0,0.8193808393198647,0.807332125303789,0.14228229228531988,0.13311805036390614,1.0,0.714247861277419,0.9462900054161092,0.23204214413869018,-0.995096598819916,2.0811827414565496,25,1393,0.0,231.65795031806135,95.53790617309114,0.2490263767623745,0.041855035044079614,359.97507095168163
sub-033,1393,1393,0.0,0.42537942047903804,0.6587455,0.6038614471841651,-1.0,1.0,0.09073465,1.0,0.90926535,-0.8767241935042833,-0.43355932079390236,0,1393,0.0,-0.1798660385081192,-0.20292169,0.6331901922292545,-1.0,1.0,-0.825649,0.3185864,1.1442354,0.16326900180866516,-1.1838195425877414,0,1393,0.0,0.6770794952148246,0.7135015169385557,0.17535561503246264,0.007499507525428268,1.0,0.6093933712922343,0.7839573620613847,0.1745639907691504,-1.1902768022539238,2.0661746844492415,76,1393,0.0,336.2419320181561,72.78261148694486,0.44627218677918634,0.053664991005859974,359.9242427050387
sub-034,1393,1393,0.0,-0.6703353293839326,-0.6748134,0.31608367475981847,-1.0,0.19995895,-1.0,-0.41946587,0.58053413,0.4371966181969744,-1.0053011597749222,0,1393,0.0,-0.6621956615947595,-0.66963565,0.2513933526481046,-1.0,0.16173129,-0.8447911,-0.52933306,0.31545804,0.49397945627068457,-0.18260140043893847,10,1393,0.0,0.6911432195801233,0.7661715486526165,0.2185791162180149,0.18233397996999892,1.0,0.5171369790666277,0.8671126914667903,0.34997571240016256,-0.40933566326016596,-1.0726847690351151,0,1393,0.0,225.5456341230972,18.159424107797776,0.951014439008955,165.30316316851452,302.956226981098
sub-035,1393,1393,0.0,0.23145457348391957,0.44635114,0.7930477247754544,-1.0,1.0,-0.61338425,1.0,1.61338425,-0.3458687476596239,-1.5648351311725024,0,1393,0.0,-0.5197001734932124,-0.6830626,0.5444709623512256,-1.0,1.0,-1.0,-0.16018362,0.83981638,0.920863566590283,-0.22547358373190463,0,1393,0.0,0.7779575188417204,0.7533524213877066,0.13776784519155558,0.22534357945967676,1.0,0.7093926271087941,0.8598856219644126,0.1504929948556185,-0.26562968451459334,0.5431841761364127,38,1393,0.0,290.5701809538023,69.77532397152959,0.4763847034367221,0.019570981024060075,359.8871597406917
sub-036,1393,1393,0.0,0.2601065941488873,0.41272423,0.7342955961690807,-1.0,1.0,-0.3547048,1.0,1.3547048,-0.4220183150367252,-1.290952971724207,0,1393,0.0,-0.13549104823359653,-0.3750805,0.6459872995548237,-1.0,1.0,-0.6118107,0.3084038,0.9202145,0.7305758020353229,-0.8268044615240333,0,1393,0.0,0.7056642280799905,0.7344001923669586,0.1515341564099238,0.06945286067066532,1.0,0.6555287537264097,0.7923068773597772,0.1367781236333675,-1.4438636793627067,2.608032544398057,75,1393,0.0,327.6141257987084,90.20534207218876,0.28957627597932256,1.0309748819190077,359.46938067899407
sub-037,1393,1393,0.0,0.4472080259982053,0.604094,0.4840277627319013,-1.0,1.0,-0.029167531,0.82860285,0.857770381,-0.5736859747453031,-1.0104804952362754,0,1393,0.0,-0.9695876345599426,-1.0,0.11016129890200817,-1.0,-0.021386612,-1.0,-1.0,0.0,3.9579518506051876,16.015652400685607,0,1393,0.0,0.8207494585144653,0.8254425732946694,0.13983099505735658,0.2739504064820011,1.0,0.730894252794217,0.9183089575486352,0.18741470475441813,-0.9618263314527672,1.5066643082265774,23,1393,0.0,291.6291919618552,24.351833007811514,0.9136379903902169,181.22517583522435,315.0
sub-038,1393,1393,0.0,-0.04570540188944722,-0.07374071,0.7731518660545714,-1.0,1.0,-1.0,0.809584,1.809584,0.05036009597017523,-1.5469682507507145,0,1393,0.0,-0.3209582056771357,-0.60100585,0.7047162046593727,-1.0,1.0,-1.0,0.24928112,1.24928112,0.5856829783153915,-1.0950451549863076,0,1393,0.0,0.7571884068434929,0.7486294680014439,0.16136150828933482,0.051755557175117824,1.0,0.7090266893112359,0.8520740929877787,0.14304740367654278,-1.2158135197612732,2.5060676067928203,111,1393,0.0,261.55582848567246,89.36757037603026,0.2962880809785351,0.48289185456656014,359.81581848102894
sub-039,1393,1393,0.0,-0.30144257478908826,-0.62743485,0.7600228598733658,-1.0,1.0,-1.0,0.26669365,1.2666936500000001,0.6217520510300156,-1.1539741074883272,0,1393,0.0,-0.786550262764178,-1.0,0.35254616119828114,-1.0,1.0,-1.0,-0.6733957,0.32660429999999996,1.8899376924374363,3.5709656899253224,120,1393,0.0,0.8324911616515056,0.8238731666910057,0.11154233800764324,0.17659175944917727,1.0,0.7278043676988272,0.9324302014462021,0.20462583374737497,-0.21085493828351545,0.8492092245638787,6,1393,0.0,250.12157377166434,47.542312933458376,0.7087453115371696,0.8722752983018722,359.8172699401305
sub-040,1393,1393,0.0,-0.036736542068664786,-0.0145831307419354,0.7649110082516781,-1.0,1.0,-0.90044206,0.79122627,1.6916683300000002,0.06267096204488426,-1.4822006259490352,0,1393,0.0,-0.4273145891823402,-1.0,0.8020960920013182,-1.0,1.0,-1.0,0.20343433,1.2034343299999999,0.9517083860395493,-0.8673227636883873,0,1393,0.0,0.8263226878852812,0.8418652143446347,0.1515372105530487,0.02081124104404205,1.0,0.7142762840522902,0.9635059936776833,0.24922970962539315,-1.1347768781624887,2.56783748715043,13,1393,0.0,265.1941642926712,76.66896663697149,0.4084889297966139,6.5961822871161075,355.67452209569717
sub-041,1393,1393,0.0,0.24163077396051685,0.85315305,0.8652499234291788,-1.0,1.0,-0.8721534,1.0,1.8721534,-0.4771827837502959,-1.5806002541939839,0,1393,0.0,0.12279816577494614,0.1679271,0.7313341349000708,-1.0,1.0,-0.60184205,0.87789106,1.47973311,-0.2898962179084112,-1.3453804631244304,0,1393,0.0,0.8009562941274239,0.8263874373877665,0.19110328834475157,0.02809405382405509,1.0,0.7085199425838236,0.9796782039577346,0.2711582613739111,-1.208028439172548,1.5743545717780751,40,1393,0.0,21.495661980591937,96.12618851609727,0.24478630811558733,0.14928744735738064,359.85937147613805
sub-042,1393,1393,0.0,0.23387043519705678,0.80097014,0.8673470763079543,-1.0,1.0,-0.86644524,1.0,1.86644524,-0.48754390477553405,-1.6252242965432422,0,1393,0.0,-0.19486087325134602,-0.22982852,0.7135659653873567,-1.0,1.0,-1.0,0.31825697,1.31825697,0.3173563552436399,-1.2155139837191369,0,1393,0.0,0.8081024247650874,0.8159429120829089,0.1536273575669464,0.12604226971589216,1.0,0.7216593715048775,0.9338109975634362,0.21215162605855875,-1.4780524185723174,3.5330570201673224,47,1393,0.0,321.4180903280458,98.13199273082627,0.23068184381996082,0.11375273113623052,359.8632558374982
sub-043,1393,1393,0.0,-0.0224047907662168,-0.042200927,0.7149380706010966,-1.0,1.0,-0.6822738,0.61961454,1.30188834,0.05418983143828287,-1.2528794652369892,0,1393,0.0,-0.37375843356547017,-1.0,0.791112350691627,-1.0,1.0,-1.0,0.36097646,1.36097646,0.7735294427992471,-1.0890761946051914,0,1393,0.0,0.78763631338286,0.750871480109525,0.13352900826238737,0.15523150407644462,1.0,0.7143987888676092,0.8676942619650772,0.15329547309746794,-0.7243260472424647,3.012677505972575,39,1393,0.0,265.63798949165,84.60147378858778,0.3361708430117827,0.3284395482713194,358.82603524945466
sub-044,1393,1393,0.0,0.34486529289257006,0.41321835,0.4526835190351782,-1.0,1.0,0.19668905,0.5840022,0.38731315,-1.1439972525776247,1.7086078200667858,106,1393,0.0,0.44224176201241927,0.61001323,0.6059934059758825,-1.0,1.0,0.0757420026666666,1.0,0.9242579973333334,-0.9993023087585851,0.07754536282685853,0,1393,0.0,0.6249493662876726,0.71155810576319,0.2293486331483965,0.01820543706197316,1.0,0.4572266640923569,0.784299984787826,0.3270733206954691,-0.7287394239410978,-0.4244921860385418,0,1393,0.0,47.206846252064295,56.822791074386565,0.6115375810245094,0.07772003285197115,359.31962976323445
sub-045,1391,1391,0.0,-0.3076749507066858,-0.3733091,0.6754795059383946,-1.0,1.0,-1.0,0.11883358438888884,1.1188335843888888,0.5487310338905348,-0.9245848280337858,0,1391,0.0,-0.6334466686368799,-0.9199316,0.48384630310312954,-1.0,1.0,-1.0,-0.354788675,0.645211325,1.2375275950370588,0.5500153372911964,40,1391,0.0,0.7611622615218132,0.7277879790537906,0.11637341078297232,0.24124731979290595,1.0,0.7090427079856576,0.809463989940383,0.10042128195472544,-0.021461850355760412,1.8266907835853292,182,1391,0.0,243.87793131800055,51.88843377462056,0.663598867993065,135.0,351.1038650314172
sub-046,1393,1393,0.0,-0.3019316354608543,-0.37300852,0.6601241376958547,-1.0,1.0,-1.0,-0.0583946372,0.9416053628,0.7313777915120542,-0.514160429118609,0,1393,0.0,-0.4362265973086863,-0.97897375,0.7462924658007634,-1.0,1.0,-1.0,0.25494158,1.2549415800000001,0.9165647288843913,-0.8252192816596811,0,1393,0.0,0.7907677364200807,0.7695080634117213,0.10688594155650682,0.3192342484105103,1.0,0.7222930276227633,0.8369929775380436,0.11469994991528032,0.005845260404564858,1.6568649433012164,32,1393,0.0,234.38640367753078,68.87570972249576,0.48552149766022445,0.32558202581247997,358.9032889386202
sub-047,1393,1393,0.0,-0.3732470705137115,-0.56391084,0.6398512102925188,-1.0,1.0,-1.0,0.12361296,1.12361296,0.8003895369310529,-0.6011418610449906,0,1393,0.0,-0.33712793122699214,-0.49060944,0.6048354774355919,-1.0,1.0,-0.92220596,0.0295990629302325,0.9518050229302325,0.6821119224511941,-0.5843226694770038,0,1393,0.0,0.6973499685092653,0.7138103886052969,0.16597170594954108,0.10448477290672788,1.0,0.6464391010786785,0.8000419185045868,0.1536028174259083,-1.1816851710343685,1.9851444919188594,88,1393,0.0,215.39336778404638,69.94191042458091,0.47469891662084107,10.348889713019616,344.5145954117176
